{
    "ref_data_path": "./data",
    "factor_save_path": "./data/factors_raw",
    "schema_path": "./data/already_available_data/Schema_fundamental_data.xlsx",
    "ohlc_folder_path": "./data/OHLC_database/combine_data",
    "factors_database_path": "./data/factors_database/raw_modified_files/Merge/Financial_Information",
    "annual_factor_folder": ["Annual_Factors_BSE500", "Annual_Factors_BSE200"],
    "frequencies": ["M", "W"],
    "ohlc_isin_file_names": [
        "Price_Close_Daily.csv",
        "Price_Close_Weekly.csv",
        "Price_Close_Monthly.csv"
    ],
    "ohlc_index_file_names": [
        "BSE500_Daily.csv",
        "BSE500_Weekly.csv",
        "BSE500_Monthly.csv"
    ],
    "volume_period": [30, 60, 90, 120, 252],
    "momentum_period": [1, 2, 3, 6, 9, 12],
    "factor_ratio_period": "FY0"
}