{
    "no_runs": 1,
    "start_date": "2023-01-01",
    "end_date": "2023-12-31",
    "frequencies": ["M", "Q"],
    "eikon_config": "./configs/eikon.cfg",
    "consolidation_type": ["Consolidated", "Parent", "Primary"],
    "output_directory": "./data/factors_database_BC/eikon",
    "fundamental_formula": "./data/already_available_data/Database_dim.xlsx",
    "fundamental_sheet": "Raw_data_dim",
    "schema_fundamental": "./data/already_available_data/Schema_fundamental_data.xlsx",
    "schema_fundamental_sheet": "ISIN_mapping_500"
}
